ФИО;Телефон;Email;Город;ИНН;Дата обращения;Сумма заказа;Комментарий;Источник;Строка источника
Иванова Анна Сергеевна;+7 (900) 000-12-34;anna.ivanova@example.com;Демоград;0000010016;01.09.2026;12500,50;просила счёт на e-mail;клиенты_отдел_продаж.xlsx;2
Петров Иван;+7 (900) 000-23-45;petrov@example.com;Демоград;0000020021;05.09.2026;8300;;клиенты_отдел_продаж.xlsx;3
Смирнова Ольга Викторовна;+7 (900) 000-34-56;o.smirnova@example.org;Нижний Пример;0000030037;03.09.2026;15000;;клиенты_отдел_продаж.xlsx;4
Кузнецов Дмитрий Павлович;+7 (900) 000-45-67;kuznetsov@example.net;Примерск;0012345678;04.09.2026;4200;;клиенты_отдел_продаж.xlsx;5
Соколова Мария;+7 (900) 000-56-78;maria.s@example.com;Демоград;0000050058;07.09.2026;1250,75;;клиенты_отдел_продаж.xlsx;6
Попов Алексей Игоревич;000-67-89;popov@example.com;Примерск;;08.09.2026;3100;;клиенты_отдел_продаж.xlsx;8
Васильева Елена;+7 (900) 000-78-01;vasilieva@example;Демоград;;09.09.2026;2400;;клиенты_отдел_продаж.xlsx;9
Новиков Сергей;+7 (900) 000-89-12;novikov@example.com;Нижний Пример;;10.09.2026;7700;;клиенты_отдел_продаж.xlsx;11
Смирнова Ольга;+7 (900) 000-34-56;o.smirnova@example.org;Нижний Пример;0000030037;11.09.2026;5000;повторное обращение;выгрузка_CRM.xlsx;4
Кузнецов Дмитрй Павлович;+7 (900) 000-45-67;kuznetsov@example.net;Примерск;0012345678;12.09.2026;6100;;выгрузка_CRM.xlsx;5
Морозова Татьяна;+7 (900) 000-90-23;morozova@example.org;Демоград;0000060063;12.09.2026;9999,99;нужен счёт;выгрузка_CRM.xlsx;6
Волков Андрей;+7 (900) 000-01-34;volkov@example.net;Примерск;0000070079;13.09.2026;18000;;выгрузка_CRM.xlsx;7
Лебедева Ирина;+7 (900) 000-12-45;lebedeva@example.com;Демоград;;14.09.2026;2750;;выгрузка_CRM.xlsx;9
Федоров Павел;+7 (900) 000-78-90;fedorov@example.com;Демоград;;10.09.2026;3200;;заявки_с_сайта.csv;2
Орлова Светлана;+7 (900) 000-89-01;orlova@example.org;Нижний Пример;;13.09.2026;4450,50;;заявки_с_сайта.csv;4
Зайцев Никита;+7 (900) 000-99-01;zaitsev@example.net;Примерск;;14.09.2026;12000;;заявки_с_сайта.csv;5
